Company,Score
Bitcoin,0.5083011123926099
Tesla,0.6541289553580178
NVIDIA,0.45450594618577733
Amazon,0.8072724645415134
Microsoft,0.6727671468273911
