Company,Score
Solana,0.5525199119596096
Tesla,0.6098433136181234
NVIDIA,0.7703671162235294
Amazon,0.8556802697014063
Microsoft,0.6655137604173342
